length,num_dots,num_digits,num_special,entropy,token_count,avg_token_length,max_token_length,min_token_length,domain_length,has_subdomain,has_www,domain_entropy,is_ip_address,domain_digit_ratio,domain_special_ratio,domain_uppercase_ratio,path_length,num_directories,path_entropy,has_double_slash,directory_length_mean,directory_length_max,directory_length_min,path_special_ratio,num_params,query_length,has_suspicious_params,max_param_length,mean_param_length,param_entropy,param_special_ratio,has_https,has_port,suspicious_tld,has_fragment,has_redirect,has_obfuscation,has_suspicious_words,suspicious_word_count,suspicious_word_ratio,has_executable,has_archive,kid_unsafe_words,teen_unsafe_words,kid_unsafe_ratio,teen_unsafe_ratio,kid_unsafe_score,teen_unsafe_score,url,is_blocked,category
23.0,2.0,0.0,3.0,3.5342190211803413,4.0,4.75,7.0,3.0,15.0,1.0,1.0,2.9735572622751847,0.0,0.0,0.0,0.0,0.0,0.0,0.0,0.0,0.0,0.0,0.0,0.0,0.0,0.0,0.0,0.0,0.0,0.0,0.0,1,0,0.0,0,0.0,0.0,0,0.0,0.0,0,0.0,0.0,0.0,0.0,0.0,0.0,0.0,https://www.wikipedia.org,0,safe
30.0,2.0,0.0,3.0,3.7232314287976207,4.0,6.5,14.0,3.0,22.0,1.0,1.0,3.51602764126623,0.0,0.0,0.0,0.0,0.0,0.0,0.0,0.0,0.0,0.0,0.0,0.0,0.0,0.0,0.0,0.0,0.0,0.0,0.0,1,0,0.0,0,0.0,0.0,0,0.0,0.0,0,0.0,0.0,0.0,0.0,0.0,0.0,0.0,https://www.khanacademy.org,0,safe
24.0,2.0,0.0,3.0,3.751629167387823,4.0,5.0,8.0,3.0,16.0,1.0,1.0,3.125,0.0,0.0,0.0,0.0,0.0,0.0,0.0,0.0,0.0,0.0,0.0,0.0,0.0,0.0,0.0,0.0,0.0,0.0,0.0,1,0,0.0,0,0.0,0.0,0,0.0,0.0,0,0.0,0.0,0.0,0.0,0.0,0.0,0.0,https://www.coursera.org,0,safe
38.0,2.0,2.0,5.0,4.188331131693838,6.0,5.333333333333333,9.0,3.0,21.0,0.0,0.0,3.6178096843744543,0.0,0.09523809523809523,0.047619047619047616,0.0,9.0,1.0,2.9477027792200903,0.0,8.0,8.0,8.0,0.1111111111111111,0.0,0.0,0.0,0.0,0.0,0.0,0.0,1,0,0.0,0,0.0,0.0,1,2.0,0.3333333333333333,1,0.0,0.0,1.0,0.0,0.16666666666666666,0.0,0.16666666666666666,https://www.edx.org,0,safe
21.0,2.0,0.0,3.0,3.7849418274376423,4.0,4.25,6.0,3.0,13.0,1.0,1.0,3.0269868333592873,0.0,0.0,0.0,0.0,0.0,0.0,0.0,0.0,0.0,0.0,0.0,0.0,0.0,0.0,0.0,0.0,0.0,0.0,0.0,1,0,0.0,0,0.0,0.0,0,0.0,0.0,0,0.0,0.0,0.0,0.0,0.0,0.0,0.0,https://www.udemy.com,0,safe
23.0,2.0,0.0,3.0,3.7950885863977324,4.0,4.75,6.0,3.0,15.0,1.0,0.0,3.189898095464287,0.0,0.0,0.0,0.0,0.0,0.0,0.0,0.0,0.0,0.0,0.0,0.0,0.0,0.0,0.0,0.0,0.0,0.0,0.0,1,0,0.0,0,0.0,0.0,0,0.0,0.0,0,0.0,0.0,0.0,0.0,0.0,0.0,0.0,https://www.codecademy.com,0,safe
31.0,2.0,0.0,4.0,4.1313003425053605,5.0,5.2,7.0,3.0,23.0,1.0,1.0,3.849223912390625,0.0,0.0,0.043478260869565216,0.0,0.0,0.0,0.0,0.0,0.0,0.0,0.0,0.0,0.0,0.0,0.0,0.0,0.0,0.0,0.0,1,0,0.0,0,0.0,0.0,1,1.0,0.2,0,0.0,1.0,1.0,0.2,0.2,0.2,0.2,https://www.duolingo.com,0,safe
28.0,2.0,0.0,3.0,3.865764637179023,4.0,6.0,12.0,3.0,20.0,1.0,1.0,3.4464393446710146,0.0,0.0,0.0,0.0,0.0,0.0,0.0,0.0,0.0,0.0,0.0,0.0,0.0,0.0,0.0,0.0,0.0,0.0,0.0,1,0,0.0,0,0.0,0.0,1,1.0,0.25,0,0.0,1.0,0.0,0.25,0.0,0.25,0.0,https://www.brainpop.com,0,safe
22.0,2.0,0.0,3.0,3.641249800455478,4.0,4.5,6.0,3.0,14.0,1.0,1.0,3.09306920777189,0.0,0.0,0.0,0.0,0.0,0.0,0.0,0.0,0.0,0.0,0.0,0.0,0.0,0.0,0.0,0.0,0.0,0.0,0.0,1,0,0.0,0,0.0,0.0,0,0.0,0.0,0,0.0,0.0,0.0,0.0,0.0,0.0,0.0,https://www.education.com,0,safe
20.0,2.0,0.0,3.0,3.384183719779189,4.0,4.0,6.0,3.0,12.0,1.0,1.0,2.688721875540867,0.0,0.0,0.0,0.0,0.0,0.0,0.0,0.0,0.0,0.0,0.0,0.0,0.0,0.0,0.0,0.0,0.0,0.0,0.0,1,0,0.0,0,0.0,0.0,0,0.0,0.0,0,0.0,0.0,0.0,0.0,0.0,0.0,0.0,https://www.scholastic.com,0,safe
30.0,2.0,0.0,3.0,3.923231428797621,4.0,6.5,14.0,3.0,22.0,1.0,1.0,3.6978458230844122,0.0,0.0,0.0,0.0,0.0,0.0,0.0,0.0,0.0,0.0,0.0,0.0,0.0,0.0,0.0,0.0,0.0,0.0,0.0,1,0,0.0,0,0.0,0.0,0,0.0,0.0,0,0.0,0.0,0.0,0.0,0.0,0.0,0.0,https://www.brilliant.org,0,safe
42.0,1.0,1.0,5.0,4.005678590456677,5.0,7.4,14.0,3.0,26.0,0.0,0.0,3.7192945256669785,0.0,0.038461538461538464,0.038461538461538464,0.0,8.0,1.0,2.5,0.0,7.0,7.0,7.0,0.0,0.0,0.0,0.0,0.0,0.0,0.0,0.0,1,0,0.0,0,0.0,0.0,0,0.0,0.0,0,0.0,0.0,0.0,0.0,0.0,0.0,0.0,https://www.ted.com/talks,0,safe
25.0,2.0,0.0,3.0,3.863465189601646,4.0,5.25,9.0,3.0,17.0,1.0,1.0,3.3371753411230776,0.0,0.0,0.0,0.0,0.0,0.0,0.0,0.0,0.0,0.0,0.0,0.0,0.0,0.0,0.0,0.0,0.0,0.0,0.0,1,0,0.0,0,0.0,0.0,0,0.0,0.0,0,0.0,0.0,0.0,0.0,0.0,0.0,0.0,https://www.mit.edu,0,safe
25.0,2.0,0.0,3.0,3.863465189601646,4.0,5.25,9.0,3.0,17.0,1.0,1.0,3.292770193936991,0.0,0.0,0.0,0.0,0.0,0.0,0.0,0.0,0.0,0.0,0.0,0.0,0.0,0.0,0.0,0.0,0.0,0.0,0.0,1,0,0.0,0,0.0,0.0,1,1.0,0.25,0,0.0,0.0,0.0,0.0,0.0,0.0,0.0,https://www.harvard.edu,0,safe
23.0,2.0,0.0,3.0,3.8820451081368628,4.0,4.75,7.0,3.0,15.0,1.0,1.0,3.323231428797621,0.0,0.0,0.0,0.0,0.0,0.0,0.0,0.0,0.0,0.0,0.0,0.0,0.0,0.0,0.0,0.0,0.0,0.0,0.0,1,0,0.0,0,0.0,0.0,0,0.0,0.0,0,0.0,0.0,0.0,0.0,0.0,0.0,0.0,https://www.stanford.edu,0,safe
25.0,2.0,0.0,4.0,3.7834651896016456,5.0,4.0,6.0,3.0,11.0,1.0,1.0,2.845350936622437,0.0,0.0,0.0,0.0,6.0,1.0,2.584962500721156,0.0,5.0,5.0,5.0,0.0,0.0,0.0,0.0,0.0,0.0,0.0,0.0,1,0,0.0,0,0.0,0.0,0,0.0,0.0,0,0.0,0.0,0.0,0.0,0.0,0.0,0.0,https://www.berkeley.edu,0,safe
42.0,1.0,1.0,5.0,4.005678590456677,5.0,7.4,14.0,3.0,26.0,0.0,0.0,3.7192945256669785,0.0,0.038461538461538464,0.038461538461538464,0.0,8.0,1.0,2.5,0.0,7.0,7.0,7.0,0.0,0.0,0.0,0.0,0.0,0.0,0.0,0.0,1,0,0.0,0,0.0,0.0,0,0.0,0.0,0,0.0,0.0,0.0,0.0,0.0,0.0,0.0,https://www.ox.ac.uk,0,safe
28.0,2.0,0.0,3.0,3.651478922893309,4.0,6.0,12.0,3.0,20.0,1.0,1.0,3.3086949695628416,0.0,0.0,0.0,0.0,0.0,0.0,0.0,0.0,0.0,0.0,0.0,0.0,0.0,0.0,0.0,0.0,0.0,0.0,0.0,1,0,0.0,0,0.0,0.0,0,0.0,0.0,0,0.0,0.0,0.0,0.0,0.0,0.0,0.0,https://www.cam.ac.uk,0,safe
30.0,2.0,2.0,3.0,4.028072996388509,4.0,6.5,14.0,3.0,22.0,1.0,1.0,3.663532754804254,0.0,0.09090909090909091,0.0,0.0,0.0,0.0,0.0,0.0,0.0,0.0,0.0,0.0,0.0,0.0,0.0,0.0,0.0,0.0,0.0,1,0,0.0,0,0.0,0.0,1,1.0,0.25,0,0.0,1.0,0.0,0.25,0.0,0.25,0.0,https://www.mathway.com,0,safe
25.0,2.0,0.0,3.0,3.813660689688185,4.0,5.25,9.0,3.0,17.0,1.0,1.0,3.2195282822995477,0.0,0.0,0.0,0.0,0.0,0.0,0.0,0.0,0.0,0.0,0.0,0.0,0.0,0.0,0.0,0.0,0.0,0.0,0.0,1,0,0.0,0,0.0,0.0,0,0.0,0.0,0,0.0,0.0,0.0,0.0,0.0,0.0,0.0,https://www.quizlet.com,0,safe
29.0,2.0,0.0,4.0,4.090234012145145,5.0,4.8,9.0,3.0,11.0,1.0,1.0,2.845350936622437,0.0,0.0,0.0,0.0,10.0,1.0,3.321928094887362,0.0,9.0,9.0,9.0,0.0,0.0,0.0,0.0,0.0,0.0,0.0,0.0,1,0,0.0,0,0.0,0.0,0,0.0,0.0,0,0.0,0.0,0.0,0.0,0.0,0.0,0.0,https://www.nasa.gov/education,0,safe
27.0,2.0,0.0,3.0,3.778423503030126,4.0,5.75,11.0,3.0,19.0,1.0,1.0,3.43162356584743,0.0,0.0,0.0,0.0,0.0,0.0,0.0,0.0,0.0,0.0,0.0,0.0,0.0,0.0,0.0,0.0,0.0,0.0,0.0,1,0,0.0,0,0.0,0.0,0,0.0,0.0,0,0.0,0.0,0.0,0.0,0.0,0.0,0.0,https://scratch.mit.edu,0,safe
29.0,2.0,0.0,4.0,4.211260736432281,5.0,4.8,7.0,3.0,21.0,1.0,1.0,3.7849418274376423,0.0,0.0,0.047619047619047616,0.0,0.0,0.0,0.0,0.0,0.0,0.0,0.0,0.0,0.0,0.0,0.0,0.0,0.0,0.0,0.0,1,0,0.0,0,0.0,0.0,0,0.0,0.0,0,0.0,0.0,0.0,0.0,0.0,0.0,0.0,https://www.code.org,0,safe
30.0,2.0,2.0,3.0,4.028072996388509,4.0,6.5,14.0,3.0,22.0,1.0,1.0,3.663532754804254,0.0,0.09090909090909091,0.0,0.0,0.0,0.0,0.0,0.0,0.0,0.0,0.0,0.0,0.0,0.0,0.0,0.0,0.0,0.0,0.0,1,0,0.0,0,0.0,0.0,1,1.0,0.25,0,0.0,1.0,0.0,0.25,0.0,0.25,0.0,https://www.howstuffworks.com,0,safe
44.0,2.0,0.0,4.0,4.146376220664175,5.0,7.8,18.0,3.0,26.0,1.0,1.0,3.7671834678914604,0.0,0.0,0.0,0.0,10.0,1.0,3.321928094887362,0.0,9.0,9.0,9.0,0.0,0.0,0.0,0.0,0.0,0.0,0.0,0.0,1,0,0.0,0,0.0,0.0,0,0.0,0.0,0,0.0,0.0,0.0,0.0,0.0,0.0,0.0,https://www.nationalgeographic.com/education,0,safe
20.0,2.0,0.0,3.0,3.5464393446710156,4.0,4.0,6.0,3.0,12.0,1.0,1.0,2.625814583693911,0.0,0.0,0.0,0.0,0.0,0.0,0.0,0.0,0.0,0.0,0.0,0.0,0.0,0.0,0.0,0.0,0.0,0.0,0.0,1,0,0.0,0,0.0,0.0,0,0.0,0.0,0,0.0,0.0,0.0,0.0,0.0,0.0,0.0,https://kids.nationalgeographic.com,0,safe
30.0,2.0,2.0,3.0,4.028072996388509,4.0,6.5,14.0,3.0,22.0,1.0,1.0,3.663532754804254,0.0,0.09090909090909091,0.0,0.0,0.0,0.0,0.0,0.0,0.0,0.0,0.0,0.0,0.0,0.0,0.0,0.0,0.0,0.0,0.0,1,0,0.0,0,0.0,0.0,1,1.0,0.25,0,0.0,1.0,0.0,0.25,0.0,0.25,0.0,https://www.pbs.org/education,0,safe
23.0,2.0,0.0,3.0,3.7622673906514943,4.0,4.75,7.0,3.0,15.0,1.0,1.0,3.1395722619867223,0.0,0.0,0.0,0.0,0.0,0.0,0.0,0.0,0.0,0.0,0.0,0.0,0.0,0.0,0.0,0.0,0.0,0.0,0.0,1,0,0.0,0,0.0,0.0,1,1.0,0.25,0,0.0,1.0,1.0,0.25,0.25,0.25,0.25,https://www.bbc.co.uk/learning,0,safe
25.0,2.0,0.0,3.0,3.8634651896016465,4.0,5.25,9.0,3.0,17.0,1.0,1.0,3.1751231351134614,0.0,0.0,0.0,0.0,0.0,0.0,0.0,0.0,0.0,0.0,0.0,0.0,0.0,0.0,0.0,0.0,0.0,0.0,0.0,1,0,0.0,0,0.0,0.0,0,0.0,0.0,0,0.0,0.0,0.0,0.0,0.0,0.0,0.0,https://www.sciencekids.co.nz,0,safe
29.0,2.0,1.0,3.0,3.9488593407620454,4.0,6.25,13.0,3.0,21.0,1.0,1.0,3.558518613048906,0.0,0.047619047619047616,0.0,0.0,0.0,0.0,0.0,0.0,0.0,0.0,0.0,0.0,0.0,0.0,0.0,0.0,0.0,0.0,0.0,1,0,0.0,0,0.0,0.0,1,1.0,0.25,0,0.0,1.0,0.0,0.25,0.0,0.25,0.0,https://www.coolmath.com,0,safe
19.0,2.0,0.0,3.0,3.5368867237421666,4.0,3.75,6.0,3.0,11.0,1.0,1.0,2.845350936622437,0.0,0.0,0.0,0.0,0.0,0.0,0.0,0.0,0.0,0.0,0.0,0.0,0.0,0.0,0.0,0.0,0.0,0.0,0.0,1,0,0.0,0,0.0,0.0,0,0.0,0.0,0,0.0,0.0,0.0,0.0,0.0,0.0,0.0,https://www.reuters.com,0,safe
24.0,2.0,0.0,3.0,3.8035088547976788,4.0,5.0,8.0,3.0,16.0,1.0,1.0,3.077819531114783,0.0,0.0,0.0,0.0,0.0,0.0,0.0,0.0,0.0,0.0,0.0,0.0,0.0,0.0,0.0,0.0,0.0,0.0,0.0,1,0,0.0,0,0.0,0.0,0,0.0,0.0,0,0.0,0.0,0.0,0.0,0.0,0.0,0.0,https://www.apnews.com,0,safe
42.0,1.0,1.0,5.0,4.005678590456677,5.0,7.4,14.0,3.0,26.0,0.0,0.0,3.7192945256669785,0.0,0.038461538461538464,0.038461538461538464,0.0,8.0,1.0,2.5,0.0,7.0,7.0,7.0,0.0,0.0,0.0,0.0,0.0,0.0,0.0,0.0,1,0,0.0,0,0.0,0.0,0,0.0,0.0,0,0.0,0.0,0.0,0.0,0.0,0.0,0.0,https://www.bbc.com/news,0,safe
20.0,2.0,0.0,3.0,3.6841837197791887,4.0,4.0,6.0,3.0,12.0,1.0,1.0,2.8553885422075336,0.0,0.0,0.0,0.0,0.0,0.0,0.0,0.0,0.0,0.0,0.0,0.0,0.0,0.0,0.0,0.0,0.0,0.0,0.0,1,0,0.0,0,0.0,0.0,0,0.0,0.0,0,0.0,0.0,0.0,0.0,0.0,0.0,0.0,https://www.nytimes.com,0,safe
30.0,2.0,2.0,3.0,4.028072996388509,4.0,6.5,14.0,3.0,22.0,1.0,1.0,3.663532754804254,0.0,0.09090909090909091,0.0,0.0,0.0,0.0,0.0,0.0,0.0,0.0,0.0,0.0,0.0,0.0,0.0,0.0,0.0,0.0,0.0,1,0,0.0,0,0.0,0.0,1,1.0,0.25,0,0.0,1.0,0.0,0.25,0.0,0.25,0.0,https://www.wsj.com,0,safe
30.0,2.0,2.0,3.0,3.9614063297218425,4.0,6.5,14.0,3.0,22.0,1.0,1.0,3.572623663895164,0.0,0.09090909090909091,0.0,0.0,0.0,0.0,0.0,0.0,0.0,0.0,0.0,0.0,0.0,0.0,0.0,0.0,0.0,0.0,0.0,1,0,0.0,0,0.0,0.0,1,1.0,0.25,0,0.0,1.0,0.0,0.25,0.0,0.25,0.0,https://www.theguardian.com,0,safe
41.0,2.0,1.0,5.0,4.170453603080106,6.0,5.833333333333333,8.0,3.0,20.0,0.0,0.0,3.5086949695628418,0.0,0.05,0.05,0.0,13.0,1.0,3.085055102756477,0.0,12.0,12.0,12.0,0.07692307692307693,0.0,0.0,0.0,0.0,0.0,0.0,0.0,1,0,0.0,0,0.0,0.0,1,1.0,0.16666666666666666,1,0.0,0.0,0.0,0.0,0.0,0.0,0.0,https://www.bloomberg.com,0,safe
23.0,2.0,0.0,3.0,3.6753108689123644,4.0,4.75,7.0,3.0,15.0,1.0,1.0,3.1898980954642866,0.0,0.0,0.0,0.0,0.0,0.0,0.0,0.0,0.0,0.0,0.0,0.0,0.0,0.0,0.0,0.0,0.0,0.0,0.0,1,0,0.0,0,0.0,0.0,0,0.0,0.0,0,0.0,0.0,0.0,0.0,0.0,0.0,0.0,https://www.aljazeera.com,0,safe
42.0,1.0,1.0,5.0,4.005678590456677,5.0,7.4,14.0,3.0,26.0,0.0,0.0,3.7192945256669785,0.0,0.038461538461538464,0.038461538461538464,0.0,8.0,1.0,2.5,0.0,7.0,7.0,7.0,0.0,0.0,0.0,0.0,0.0,0.0,0.0,0.0,1,0,0.0,0,0.0,0.0,0,0.0,0.0,0,0.0,0.0,0.0,0.0,0.0,0.0,0.0,https://www.economist.com,0,safe
33.0,2.0,0.0,4.0,4.1272831343132905,5.0,5.6,9.0,3.0,25.0,1.0,1.0,3.6732696895151076,0.0,0.0,0.04,0.0,0.0,0.0,0.0,0.0,0.0,0.0,0.0,0.0,0.0,0.0,0.0,0.0,0.0,0.0,0.0,1,0,0.0,0,0.0,0.0,0,0.0,0.0,0,0.0,0.0,0.0,0.0,0.0,0.0,0.0,https://www.ft.com,0,safe
26.0,2.0,0.0,3.0,3.661226256269789,4.0,5.5,10.0,3.0,18.0,1.0,1.0,3.3082708345352603,0.0,0.0,0.0,0.0,0.0,0.0,0.0,0.0,0.0,0.0,0.0,0.0,0.0,0.0,0.0,0.0,0.0,0.0,0.0,1,0,0.0,0,0.0,0.0,0,0.0,0.0,0,0.0,0.0,0.0,0.0,0.0,0.0,0.0,https://news.google.com,0,safe
23.0,2.0,0.0,3.0,3.7622673906514947,4.0,4.75,7.0,3.0,15.0,1.0,1.0,3.3232314287976203,0.0,0.0,0.0,0.0,0.0,0.0,0.0,0.0,0.0,0.0,0.0,0.0,0.0,0.0,0.0,0.0,0.0,0.0,0.0,1,0,0.0,0,0.0,0.0,0,0.0,0.0,0,0.0,0.0,0.0,0.0,0.0,0.0,0.0,https://www.npr.org,0,safe
35.0,2.0,0.0,3.0,4.128724445269141,4.0,7.75,18.0,3.0,27.0,1.0,0.0,3.9302703722934544,0.0,0.0,0.0,0.0,0.0,0.0,0.0,0.0,0.0,0.0,0.0,0.0,0.0,0.0,0.0,0.0,0.0,0.0,0.0,1,0,0.0,0,0.0,0.0,0,0.0,0.0,0,0.0,0.0,0.0,0.0,0.0,0.0,0.0,https://www.cnbc.com,0,safe
42.0,1.0,1.0,5.0,4.005678590456677,5.0,7.4,14.0,3.0,26.0,0.0,0.0,3.7192945256669785,0.0,0.038461538461538464,0.038461538461538464,0.0,8.0,1.0,2.5,0.0,7.0,7.0,7.0,0.0,0.0,0.0,0.0,0.0,0.0,0.0,0.0,1,0,0.0,0,0.0,0.0,0,0.0,0.0,0,0.0,0.0,0.0,0.0,0.0,0.0,0.0,https://www.time.com,0,safe
29.0,3.0,0.0,3.0,3.8573068568981284,5.0,4.8,11.0,2.0,21.0,1.0,1.0,3.332095398660169,0.0,0.0,0.0,0.0,0.0,0.0,0.0,0.0,0.0,0.0,0.0,0.0,0.0,0.0,0.0,0.0,0.0,0.0,0.0,1,0,0.0,0,0.0,0.0,0,0.0,0.0,0,0.0,0.0,0.0,0.0,0.0,0.0,0.0,https://www.theatlantic.com,0,safe
30.0,2.0,2.0,3.0,4.028072996388509,4.0,6.5,14.0,3.0,22.0,1.0,1.0,3.663532754804254,0.0,0.09090909090909091,0.0,0.0,0.0,0.0,0.0,0.0,0.0,0.0,0.0,0.0,0.0,0.0,0.0,0.0,0.0,0.0,0.0,1,0,0.0,0,0.0,0.0,1,1.0,0.25,0,0.0,1.0,0.0,0.25,0.0,0.25,0.0,https://www.washingtonpost.com,0,safe
29.0,2.0,1.0,3.0,3.9488593407620454,4.0,6.25,13.0,3.0,21.0,1.0,1.0,3.558518613048906,0.0,0.047619047619047616,0.0,0.0,0.0,0.0,0.0,0.0,0.0,0.0,0.0,0.0,0.0,0.0,0.0,0.0,0.0,0.0,0.0,1,0,0.0,0,0.0,0.0,1,1.0,0.25,0,0.0,1.0,0.0,0.25,0.0,0.25,0.0,https://www.latimes.com,0,safe
26.0,2.0,0.0,3.0,3.796217602590056,4.0,5.5,10.0,3.0,18.0,1.0,1.0,3.086048612313038,0.0,0.0,0.0,0.0,0.0,0.0,0.0,0.0,0.0,0.0,0.0,0.0,0.0,0.0,0.0,0.0,0.0,0.0,0.0,1,0,0.0,0,0.0,0.0,0,0.0,0.0,0,0.0,0.0,0.0,0.0,0.0,0.0,0.0,https://www.euronews.com,0,safe
32.0,2.0,0.0,4.0,3.9764097655573916,5.0,5.4,8.0,3.0,24.0,1.0,1.0,3.636842188131012,0.0,0.0,0.041666666666666664,0.0,0.0,0.0,0.0,0.0,0.0,0.0,0.0,0.0,0.0,0.0,0.0,0.0,0.0,0.0,0.0,1,0,0.0,0,0.0,0.0,0,0.0,0.0,0,0.0,0.0,0.0,0.0,0.0,0.0,0.0,https://www.dw.com/en,0,safe
32.0,2.0,0.0,4.0,4.202819531114783,5.0,5.4,8.0,3.0,24.0,1.0,1.0,3.772055208874201,0.0,0.0,0.041666666666666664,0.0,0.0,0.0,0.0,0.0,0.0,0.0,0.0,0.0,0.0,0.0,0.0,0.0,0.0,0.0,0.0,1,0,0.0,0,0.0,0.0,0,0.0,0.0,0,0.0,0.0,0.0,0.0,0.0,0.0,0.0,https://www.france24.com,0,safe
18.0,2.0,0.0,3.0,3.419381945646371,4.0,3.5,6.0,2.0,10.0,1.0,1.0,2.6464393446710153,0.0,0.0,0.0,0.0,0.0,0.0,0.0,0.0,0.0,0.0,0.0,0.0,0.0,0.0,0.0,0.0,0.0,0.0,0.0,1,0,0.0,0,0.0,0.0,0,0.0,0.0,0,0.0,0.0,0.0,0.0,0.0,0.0,0.0,https://www.abc.net.au/news,0,safe
24.0,2.0,2.0,3.0,4.053508854797679,4.0,5.0,8.0,3.0,16.0,1.0,1.0,3.452819531114783,0.0,0.125,0.0,0.0,0.0,0.0,0.0,0.0,0.0,0.0,0.0,0.0,0.0,0.0,0.0,0.0,0.0,0.0,0.0,1,0,0.0,0,0.0,0.0,0,0.0,0.0,0,0.0,0.0,0.0,0.0,0.0,0.0,0.0,https://www.cbc.ca/news,0,safe
27.0,2.0,0.0,3.0,4.106377316818028,4.0,5.75,11.0,3.0,19.0,1.0,1.0,3.7871439606981383,0.0,0.0,0.0,0.0,0.0,0.0,0.0,0.0,0.0,0.0,0.0,0.0,0.0,0.0,0.0,0.0,0.0,0.0,0.0,1,0,0.0,0,0.0,0.0,0,0.0,0.0,0,0.0,0.0,0.0,0.0,0.0,0.0,0.0,https://www.indiatoday.in,0,safe
20.0,3.0,0.0,3.0,3.6464393446710153,5.0,3.0,6.0,2.0,12.0,1.0,1.0,2.792481250360578,0.0,0.0,0.0,0.0,0.0,0.0,0.0,0.0,0.0,0.0,0.0,0.0,0.0,0.0,0.0,0.0,0.0,0.0,0.0,1,0,0.0,0,0.0,0.0,0,0.0,0.0,0,0.0,0.0,0.0,0.0,0.0,0.0,0.0,https://www.hindustantimes.com,0,safe
31.0,2.0,0.0,4.0,4.0022680844408445,5.0,5.2,7.0,3.0,23.0,1.0,1.0,3.6753108689123644,0.0,0.0,0.043478260869565216,0.0,0.0,0.0,0.0,0.0,0.0,0.0,0.0,0.0,0.0,0.0,0.0,0.0,0.0,0.0,0.0,1,0,0.0,0,0.0,0.0,0,0.0,0.0,0,0.0,0.0,0.0,0.0,0.0,0.0,0.0,https://www.ndtv.com,0,safe
19.0,2.0,0.0,3.0,3.40582225028569,4.0,3.75,6.0,3.0,11.0,1.0,1.0,2.5503407095463886,0.0,0.0,0.0,0.0,0.0,0.0,0.0,0.0,0.0,0.0,0.0,0.0,0.0,0.0,0.0,0.0,0.0,0.0,0.0,1,0,0.0,0,0.0,0.0,0,0.0,0.0,0,0.0,0.0,0.0,0.0,0.0,0.0,0.0,https://www.scmp.com,0,safe
41.0,2.0,1.0,5.0,4.122693700152457,6.0,5.833333333333333,8.0,3.0,20.0,0.0,0.0,3.5086949695628418,0.0,0.05,0.05,0.0,13.0,1.0,3.238901256602631,0.0,12.0,12.0,12.0,0.07692307692307693,0.0,0.0,0.0,0.0,0.0,0.0,0.0,1,0,0.0,0,0.0,0.0,1,1.0,0.16666666666666666,1,0.0,0.0,0.0,0.0,0.0,0.0,0.0,https://www.straitstimes.com,0,safe
24.0,2.0,0.0,3.0,3.8553885422075345,4.0,5.0,8.0,3.0,16.0,1.0,1.0,3.327819531114783,0.0,0.0,0.0,0.0,0.0,0.0,0.0,0.0,0.0,0.0,0.0,0.0,0.0,0.0,0.0,0.0,0.0,0.0,0.0,1,0,0.0,0,0.0,0.0,0,0.0,0.0,0,0.0,0.0,0.0,0.0,0.0,0.0,0.0,https://www.japantimes.co.jp,0,safe
20.0,2.0,0.0,3.0,3.5464393446710147,4.0,4.0,6.0,3.0,12.0,1.0,1.0,2.8553885422075336,0.0,0.0,0.0,0.0,0.0,0.0,0.0,0.0,0.0,0.0,0.0,0.0,0.0,0.0,0.0,0.0,0.0,0.0,0.0,1,0,0.0,0,0.0,0.0,0,0.0,0.0,0,0.0,0.0,0.0,0.0,0.0,0.0,0.0,https://www.koreatimes.co.kr,0,safe
30.0,2.0,2.0,3.0,4.028072996388509,4.0,6.5,14.0,3.0,22.0,1.0,1.0,3.663532754804254,0.0,0.09090909090909091,0.0,0.0,0.0,0.0,0.0,0.0,0.0,0.0,0.0,0.0,0.0,0.0,0.0,0.0,0.0,0.0,0.0,1,0,0.0,0,0.0,0.0,1,1.0,0.25,0,0.0,1.0,0.0,0.25,0.0,0.25,0.0,https://www.news.com.au,0,safe
37.0,2.0,0.0,4.0,4.165421190410283,5.0,6.4,13.0,3.0,29.0,1.0,1.0,4.021268494903765,0.0,0.0,0.034482758620689655,0.0,0.0,0.0,0.0,0.0,0.0,0.0,0.0,0.0,0.0,0.0,0.0,0.0,0.0,0.0,0.0,1,0,0.0,0,0.0,0.0,1,1.0,0.2,0,0.0,1.0,1.0,0.2,0.2,0.2,0.2,https://www.example-poker.com,1,gambling
38.0,2.0,1.0,5.0,4.273728829005326,6.0,5.333333333333333,8.0,3.0,20.0,0.0,0.0,3.5086949695628418,0.0,0.05,0.05,0.0,10.0,1.0,3.1219280948873624,0.0,9.0,9.0,9.0,0.1,0.0,0.0,0.0,0.0,0.0,0.0,0.0,1,0,0.0,0,0.0,0.0,1,2.0,0.3333333333333333,1,0.0,0.0,0.0,0.0,0.0,0.0,0.0,https://www.example-casino.com,1,gambling
30.0,3.0,0.0,4.0,4.164735178725505,6.0,4.0,8.0,2.0,13.0,1.0,1.0,2.6612262562697895,0.0,0.0,0.0,0.0,9.0,1.0,2.94770277922009,0.0,8.0,8.0,8.0,0.0,0.0,0.0,0.0,0.0,0.0,0.0,0.0,1,0,0.0,0,0.0,0.0,0,0.0,0.0,0,0.0,0.0,0.0,0.0,0.0,0.0,0.0,https://www.example-betting.com,1,gambling
23.0,2.0,0.0,3.0,3.9361804341297555,4.0,4.75,7.0,3.0,15.0,1.0,1.0,3.4565647621309536,0.0,0.0,0.0,0.0,0.0,0.0,0.0,0.0,0.0,0.0,0.0,0.0,0.0,0.0,0.0,0.0,0.0,0.0,0.0,1,0,0.0,0,0.0,0.0,0,0.0,0.0,0,0.0,0.0,0.0,0.0,0.0,0.0,0.0,https://www.example-slots.com,1,gambling
24.0,2.0,0.0,3.0,3.886842188131012,4.0,5.0,8.0,3.0,16.0,1.0,1.0,3.327819531114783,0.0,0.0,0.0,0.0,0.0,0.0,0.0,0.0,0.0,0.0,0.0,0.0,0.0,0.0,0.0,0.0,0.0,0.0,0.0,1,0,0.0,0,0.0,0.0,0,0.0,0.0,0,0.0,0.0,0.0,0.0,0.0,0.0,0.0,https://www.example-roulette.com,1,gambling
29.0,2.0,1.0,3.0,3.9488593407620454,4.0,6.25,13.0,3.0,21.0,1.0,1.0,3.558518613048906,0.0,0.047619047619047616,0.0,0.0,0.0,0.0,0.0,0.0,0.0,0.0,0.0,0.0,0.0,0.0,0.0,0.0,0.0,0.0,0.0,1,0,0.0,0,0.0,0.0,1,1.0,0.25,0,0.0,1.0,0.0,0.25,0.0,0.25,0.0,https://www.example-blackjack.com,1,gambling
25.0,2.0,0.0,3.0,3.9434651896016457,4.0,5.25,9.0,3.0,17.0,1.0,1.0,3.454822399946607,0.0,0.0,0.0,0.0,0.0,0.0,0.0,0.0,0.0,0.0,0.0,0.0,0.0,0.0,0.0,0.0,0.0,0.0,0.0,1,0,0.0,0,0.0,0.0,0,0.0,0.0,0,0.0,0.0,0.0,0.0,0.0,0.0,0.0,https://www.example-bingo.com,1,gambling
23.0,2.0,0.0,3.0,3.708132064658602,4.0,4.75,7.0,3.0,15.0,1.0,1.0,3.0565647621309537,0.0,0.0,0.0,0.0,0.0,0.0,0.0,0.0,0.0,0.0,0.0,0.0,0.0,0.0,0.0,0.0,0.0,0.0,0.0,1,0,0.0,0,0.0,0.0,0,0.0,0.0,0,0.0,0.0,0.0,0.0,0.0,0.0,0.0,https://www.example-lottery.com,1,gambling
30.0,2.0,2.0,3.0,4.028072996388509,4.0,6.5,14.0,3.0,22.0,1.0,1.0,3.663532754804254,0.0,0.09090909090909091,0.0,0.0,0.0,0.0,0.0,0.0,0.0,0.0,0.0,0.0,0.0,0.0,0.0,0.0,0.0,0.0,0.0,1,0,0.0,0,0.0,0.0,1,1.0,0.25,0,0.0,1.0,0.0,0.25,0.0,0.25,0.0,https://www.example-sportsbetting.com,1,gambling
19.0,2.0,0.0,3.0,3.6818808028034016,4.0,3.75,6.0,3.0,11.0,1.0,1.0,2.845350936622437,0.0,0.0,0.0,0.0,0.0,0.0,0.0,0.0,0.0,0.0,0.0,0.0,0.0,0.0,0.0,0.0,0.0,0.0,0.0,1,0,0.0,0,0.0,0.0,0,0.0,0.0,0,0.0,0.0,0.0,0.0,0.0,0.0,0.0,https://www.example-gambling.com,1,gambling
21.0,3.0,0.0,3.0,3.558518613048906,5.0,3.2,6.0,2.0,13.0,1.0,1.0,2.6612262562697895,0.0,0.0,0.0,0.0,0.0,0.0,0.0,0.0,0.0,0.0,0.0,0.0,0.0,0.0,0.0,0.0,0.0,0.0,0.0,1,0,0.0,0,0.0,0.0,0,0.0,0.0,0,0.0,0.0,0.0,0.0,0.0,0.0,0.0,https://example-inappropriate1.com/content,1,inappropriate
25.0,2.0,0.0,3.0,3.673269689515108,4.0,5.25,9.0,3.0,17.0,1.0,1.0,3.1751231351134614,0.0,0.0,0.0,0.0,0.0,0.0,0.0,0.0,0.0,0.0,0.0,0.0,0.0,0.0,0.0,0.0,0.0,0.0,0.0,1,0,0.0,0,0.0,0.0,0,0.0,0.0,0,0.0,0.0,0.0,0.0,0.0,0.0,0.0,https://example-inappropriate2.com/content,1,inappropriate
42.0,1.0,1.0,5.0,4.005678590456677,5.0,7.4,14.0,3.0,26.0,0.0,0.0,3.7192945256669785,0.0,0.038461538461538464,0.038461538461538464,0.0,8.0,1.0,2.5,0.0,7.0,7.0,7.0,0.0,0.0,0.0,0.0,0.0,0.0,0.0,0.0,1,0,0.0,0,0.0,0.0,0,0.0,0.0,0,0.0,0.0,0.0,0.0,0.0,0.0,0.0,https://example-inappropriate3.com/content,1,inappropriate
23.0,2.0,0.0,3.0,3.849223912390625,4.0,4.75,7.0,3.0,15.0,1.0,1.0,3.32323142879762,0.0,0.0,0.0,0.0,0.0,0.0,0.0,0.0,0.0,0.0,0.0,0.0,0.0,0.0,0.0,0.0,0.0,0.0,0.0,1,0,0.0,0,0.0,0.0,0,0.0,0.0,0,0.0,0.0,0.0,0.0,0.0,0.0,0.0,https://example-inappropriate4.com/content,1,inappropriate
24.0,2.0,0.0,3.0,3.9387218755408675,4.0,5.0,8.0,3.0,16.0,1.0,1.0,3.2806390622295662,0.0,0.0,0.0,0.0,0.0,0.0,0.0,0.0,0.0,0.0,0.0,0.0,0.0,0.0,0.0,0.0,0.0,0.0,0.0,1,0,0.0,0,0.0,0.0,0,0.0,0.0,0,0.0,0.0,0.0,0.0,0.0,0.0,0.0,https://example-inappropriate5.com/content,1,inappropriate
42.0,2.0,1.0,5.0,4.261132303628119,6.0,6.0,9.0,3.0,20.0,0.0,0.0,3.5086949695628418,0.0,0.05,0.05,0.0,14.0,1.0,3.521640636343319,0.0,13.0,13.0,13.0,0.07142857142857142,0.0,0.0,0.0,0.0,0.0,0.0,0.0,1,0,0.0,0,0.0,0.0,1,1.0,0.16666666666666666,1,0.0,0.0,0.0,0.0,0.0,0.0,0.0,https://example-inappropriate6.com/content,1,inappropriate
29.0,2.0,1.0,3.0,3.9488593407620454,4.0,6.25,13.0,3.0,21.0,1.0,1.0,3.558518613048906,0.0,0.047619047619047616,0.0,0.0,0.0,0.0,0.0,0.0,0.0,0.0,0.0,0.0,0.0,0.0,0.0,0.0,0.0,0.0,0.0,1,0,0.0,0,0.0,0.0,1,1.0,0.25,0,0.0,1.0,0.0,0.25,0.0,0.25,0.0,https://example-inappropriate7.com/content,1,inappropriate
19.0,2.0,0.0,3.0,3.5766176449086653,4.0,3.75,6.0,3.0,11.0,1.0,1.0,2.845350936622437,0.0,0.0,0.0,0.0,0.0,0.0,0.0,0.0,0.0,0.0,0.0,0.0,0.0,0.0,0.0,0.0,0.0,0.0,0.0,1,0,0.0,0,0.0,0.0,1,1.0,0.25,0,0.0,1.0,0.0,0.25,0.0,0.25,0.0,https://example-inappropriate8.com/content,1,inappropriate
20.0,2.0,0.0,3.0,3.646439344671015,4.0,4.0,6.0,3.0,12.0,1.0,1.0,3.0220552088742,0.0,0.0,0.0,0.0,0.0,0.0,0.0,0.0,0.0,0.0,0.0,0.0,0.0,0.0,0.0,0.0,0.0,0.0,0.0,1,0,0.0,0,0.0,0.0,0,0.0,0.0,0,0.0,0.0,0.0,0.0,0.0,0.0,0.0,https://example-inappropriate9.com/content,1,inappropriate
27.0,3.0,0.0,4.0,3.6339740759971577,6.0,3.5,6.0,2.0,14.0,1.0,1.0,2.9852281360342525,0.0,0.0,0.0,0.0,5.0,1.0,2.321928094887362,0.0,4.0,4.0,4.0,0.0,0.0,0.0,0.0,0.0,0.0,0.0,0.0,1,0,0.0,0,0.0,0.0,0,0.0,0.0,0,0.0,0.0,0.0,0.0,0.0,0.0,0.0,https://example-inappropriate10.com/content,1,inappropriate
30.0,2.0,2.0,3.0,4.028072996388509,4.0,6.5,14.0,3.0,22.0,1.0,1.0,3.663532754804254,0.0,0.09090909090909091,0.0,0.0,0.0,0.0,0.0,0.0,0.0,0.0,0.0,0.0,0.0,0.0,0.0,0.0,0.0,0.0,0.0,1,0,0.0,0,0.0,0.0,1,1.0,0.25,0,0.0,1.0,0.0,0.25,0.0,0.25,0.0,https://example-malware1.com/download.exe,1,malware
23.0,2.0,0.0,3.0,3.7622673906514947,4.0,4.75,7.0,3.0,15.0,1.0,1.0,3.3232314287976203,0.0,0.0,0.0,0.0,0.0,0.0,0.0,0.0,0.0,0.0,0.0,0.0,0.0,0.0,0.0,0.0,0.0,0.0,0.0,1,0,0.0,0,0.0,0.0,0,0.0,0.0,0,0.0,0.0,0.0,0.0,0.0,0.0,0.0,https://example-malware2.com/virus.dll,1,malware
40.0,2.0,1.0,5.0,3.9775671571169275,6.0,5.666666666666667,8.0,3.0,20.0,0.0,0.0,3.5086949695628418,0.0,0.05,0.05,0.0,12.0,1.0,3.188721875540867,0.0,11.0,11.0,11.0,0.08333333333333333,0.0,0.0,0.0,0.0,0.0,0.0,0.0,1,0,0.0,0,0.0,0.0,1,2.0,0.3333333333333333,1,0.0,0.0,0.0,0.0,0.0,0.0,0.0,https://example-malware3.com/trojan.bin,1,malware
30.0,2.0,0.0,4.0,4.081727678869736,5.0,5.0,7.0,3.0,22.0,1.0,1.0,3.6978458230844113,0.0,0.0,0.045454545454545456,0.0,0.0,0.0,0.0,0.0,0.0,0.0,0.0,0.0,0.0,0.0,0.0,0.0,0.0,0.0,0.0,1,0,0.0,0,0.0,0.0,1,1.0,0.2,0,0.0,0.0,0.0,0.0,0.0,0.0,0.0,https://example-malware4.com/malware.bat,1,malware
30.0,2.0,2.0,3.0,4.028072996388509,4.0,6.5,14.0,3.0,22.0,1.0,1.0,3.663532754804254,0.0,0.09090909090909091,0.0,0.0,0.0,0.0,0.0,0.0,0.0,0.0,0.0,0.0,0.0,0.0,0.0,0.0,0.0,0.0,0.0,1,0,0.0,0,0.0,0.0,1,1.0,0.25,0,0.0,1.0,0.0,0.25,0.0,0.25,0.0,https://example-malware5.com/infected.exe,1,malware
43.0,1.0,2.0,5.0,4.071873337085179,5.0,7.6,15.0,3.0,27.0,0.0,0.0,3.8100810205217313,0.0,0.07407407407407407,0.037037037037037035,0.0,8.0,1.0,2.5,0.0,7.0,7.0,7.0,0.0,0.0,0.0,0.0,0.0,0.0,0.0,0.0,1,0,0.0,0,0.0,0.0,0,0.0,0.0,0,0.0,0.0,0.0,0.0,0.0,0.0,0.0,https://example-malware6.com/dangerous.dll,1,malware
29.0,2.0,1.0,3.0,3.9488593407620454,4.0,6.25,13.0,3.0,21.0,1.0,1.0,3.558518613048906,0.0,0.047619047619047616,0.0,0.0,0.0,0.0,0.0,0.0,0.0,0.0,0.0,0.0,0.0,0.0,0.0,0.0,0.0,0.0,0.0,1,0,0.0,0,0.0,0.0,1,1.0,0.25,0,0.0,1.0,0.0,0.25,0.0,0.25,0.0,https://example-malware7.com/unsafe.exe,1,malware
19.0,2.0,0.0,3.0,3.471354487013929,4.0,3.75,6.0,3.0,11.0,1.0,1.0,2.663532754804255,0.0,0.0,0.0,0.0,0.0,0.0,0.0,0.0,0.0,0.0,0.0,0.0,0.0,0.0,0.0,0.0,0.0,0.0,0.0,1,0,0.0,0,0.0,0.0,0,0.0,0.0,0,0.0,0.0,0.0,0.0,0.0,0.0,0.0,https://example-malware8.com/threat.bin,1,malware
28.0,3.0,0.0,3.0,3.869331261111519,5.0,4.6,10.0,2.0,20.0,1.0,1.0,3.4464393446710155,0.0,0.0,0.0,0.0,0.0,0.0,0.0,0.0,0.0,0.0,0.0,0.0,0.0,0.0,0.0,0.0,0.0,0.0,0.0,1,0,0.0,0,0.0,0.0,0,0.0,0.0,0,0.0,0.0,0.0,0.0,0.0,0.0,0.0,https://example-malware9.com/risk.exe,1,malware
21.0,2.0,0.0,4.0,3.5944656369614516,5.0,3.2,6.0,2.0,10.0,1.0,1.0,2.321928094887362,0.0,0.0,0.0,0.0,3.0,1.0,1.584962500721156,0.0,2.0,2.0,2.0,0.0,0.0,0.0,0.0,0.0,0.0,0.0,0.0,1,0,0.0,0,0.0,0.0,0,0.0,0.0,0,0.0,0.0,0.0,0.0,0.0,0.0,0.0,https://example-malware10.com/hack.dll,1,malware
37.0,2.0,1.0,5.0,4.1317695012795665,6.0,5.166666666666667,8.0,3.0,20.0,0.0,0.0,3.5086949695628418,0.0,0.05,0.05,0.0,9.0,1.0,2.9477027792200903,0.0,8.0,8.0,8.0,0.1111111111111111,0.0,0.0,0.0,0.0,0.0,0.0,0.0,1,0,0.0,0,0.0,0.0,1,1.0,0.16666666666666666,1,0.0,0.0,0.0,0.0,0.0,0.0,0.0,https://www.adultcontent1.com,1,adult
29.0,2.0,1.0,3.0,3.9488593407620454,4.0,6.25,13.0,3.0,21.0,1.0,1.0,3.558518613048906,0.0,0.047619047619047616,0.0,0.0,0.0,0.0,0.0,0.0,0.0,0.0,0.0,0.0,0.0,0.0,0.0,0.0,0.0,0.0,0.0,1,0,0.0,0,0.0,0.0,1,1.0,0.25,0,0.0,1.0,0.0,0.25,0.0,0.25,0.0,https://www.xxxvideos.com,1,adult
28.0,3.0,0.0,3.0,3.8423709931771093,5.0,4.6,10.0,2.0,20.0,1.0,1.0,3.5464393446710156,0.0,0.0,0.0,0.0,0.0,0.0,0.0,0.0,0.0,0.0,0.0,0.0,0.0,0.0,0.0,0.0,0.0,0.0,0.0,1,0,0.0,0,0.0,0.0,0,0.0,0.0,0,0.0,0.0,0.0,0.0,0.0,0.0,0.0,https://www.pornhub.com,1,adult
42.0,1.0,1.0,5.0,4.005678590456677,5.0,7.4,14.0,3.0,26.0,0.0,0.0,3.7192945256669785,0.0,0.038461538461538464,0.038461538461538464,0.0,8.0,1.0,2.5,0.0,7.0,7.0,7.0,0.0,0.0,0.0,0.0,0.0,0.0,0.0,0.0,1,0,0.0,0,0.0,0.0,0,0.0,0.0,0,0.0,0.0,0.0,0.0,0.0,0.0,0.0,https://www.xvideos.com,1,adult
24.0,2.0,0.0,4.0,3.636842188131012,5.0,3.8,6.0,3.0,11.0,1.0,1.0,2.481714572986073,0.0,0.0,0.0,0.0,5.0,1.0,2.321928094887362,0.0,4.0,4.0,4.0,0.0,0.0,0.0,0.0,0.0,0.0,0.0,0.0,1,0,0.0,0,0.0,0.0,0,0.0,0.0,0,0.0,0.0,0.0,0.0,0.0,0.0,0.0,https://www.youporn.com,1,adult
30.0,2.0,2.0,3.0,4.028072996388509,4.0,6.5,14.0,3.0,22.0,1.0,1.0,3.663532754804254,0.0,0.09090909090909091,0.0,0.0,0.0,0.0,0.0,0.0,0.0,0.0,0.0,0.0,0.0,0.0,0.0,0.0,0.0,0.0,0.0,1,0,0.0,0,0.0,0.0,1,1.0,0.25,0,0.0,1.0,0.0,0.25,0.0,0.25,0.0,https://www.redtube.com,1,adult
23.0,3.0,0.0,3.0,3.7081320646586016,5.0,3.6,6.0,2.0,15.0,1.0,1.0,3.0565647621309537,0.0,0.0,0.0,0.0,0.0,0.0,0.0,0.0,0.0,0.0,0.0,0.0,0.0,0.0,0.0,0.0,0.0,0.0,0.0,1,0,0.0,0,0.0,0.0,0,0.0,0.0,0,0.0,0.0,0.0,0.0,0.0,0.0,0.0,https://www.adultcontent2.com,1,adult
29.0,2.0,0.0,4.0,3.8833374604210067,5.0,4.8,7.0,3.0,21.0,1.0,1.0,3.594465636961452,0.0,0.0,0.047619047619047616,0.0,0.0,0.0,0.0,0.0,0.0,0.0,0.0,0.0,0.0,0.0,0.0,0.0,0.0,0.0,0.0,1,0,0.0,0,0.0,0.0,0,0.0,0.0,0,0.0,0.0,0.0,0.0,0.0,0.0,0.0,https://www.sex.com,1,adult
30.0,2.0,2.0,3.0,4.028072996388509,4.0,6.5,14.0,3.0,22.0,1.0,1.0,3.663532754804254,0.0,0.09090909090909091,0.0,0.0,0.0,0.0,0.0,0.0,0.0,0.0,0.0,0.0,0.0,0.0,0.0,0.0,0.0,0.0,0.0,1,0,0.0,0,0.0,0.0,1,1.0,0.25,0,0.0,1.0,0.0,0.25,0.0,0.25,0.0,https://www.brazzers.com,1,adult
25.0,2.0,0.0,3.0,3.943465189601646,4.0,5.25,9.0,3.0,17.0,1.0,1.0,3.292770193936991,0.0,0.0,0.0,0.0,0.0,0.0,0.0,0.0,0.0,0.0,0.0,0.0,0.0,0.0,0.0,0.0,0.0,0.0,0.0,1,0,0.0,0,0.0,0.0,0,0.0,0.0,0,0.0,0.0,0.0,0.0,0.0,0.0,0.0,https://www.xnxx.com,1,adult
24.0,2.0,0.0,3.0,3.5739348962840563,4.0,5.0,8.0,3.0,16.0,1.0,1.0,3.0306390622295662,0.0,0.0,0.0,0.0,0.0,0.0,0.0,0.0,0.0,0.0,0.0,0.0,0.0,0.0,0.0,0.0,0.0,0.0,0.0,1,0,0.0,0,0.0,0.0,0,0.0,0.0,0,0.0,0.0,0.0,0.0,0.0,0.0,0.0,https://www.adultcontent.com,1,adult
30.0,2.0,2.0,3.0,3.9614063297218425,4.0,6.5,14.0,3.0,22.0,1.0,1.0,3.572623663895164,0.0,0.09090909090909091,0.0,0.0,0.0,0.0,0.0,0.0,0.0,0.0,0.0,0.0,0.0,0.0,0.0,0.0,0.0,0.0,0.0,1,0,0.0,0,0.0,0.0,1,1.0,0.25,0,0.0,1.0,0.0,0.25,0.0,0.25,0.0,https://www.adultcontent3.com,1,adult
27.0,2.0,0.0,3.0,4.106377316818028,4.0,5.75,11.0,3.0,19.0,1.0,1.0,3.642149881636903,0.0,0.0,0.0,0.0,0.0,0.0,0.0,0.0,0.0,0.0,0.0,0.0,0.0,0.0,0.0,0.0,0.0,0.0,0.0,1,0,0.0,0,0.0,0.0,0,0.0,0.0,0,0.0,0.0,0.0,0.0,0.0,0.0,0.0,https://www.adultcontent4.com,1,adult
25.0,2.0,0.0,3.0,3.673269689515108,4.0,5.25,10.0,2.0,17.0,1.0,1.0,3.057476076289932,0.0,0.0,0.0,0.0,0.0,0.0,0.0,0.0,0.0,0.0,0.0,0.0,0.0,0.0,0.0,0.0,0.0,0.0,0.0,1,0,0.0,0,0.0,0.0,0,0.0,0.0,0,0.0,0.0,0.0,0.0,0.0,0.0,0.0,https://www.adultcontent5.com,1,adult
23.0,2.0,0.0,3.0,3.7409532604048397,4.0,4.75,7.0,3.0,15.0,1.0,0.0,3.5068905956085183,0.0,0.0,0.0,0.0,0.0,0.0,0.0,0.0,0.0,0.0,0.0,0.0,0.0,0.0,0.0,0.0,0.0,0.0,0.0,1,0,0.0,0,0.0,0.0,0,0.0,0.0,0,0.0,0.0,0.0,0.0,0.0,0.0,0.0,https://www.adultcontent6.com,1,adult
24.0,2.0,0.0,3.0,3.7720552088742005,4.0,5.0,8.0,3.0,16.0,1.0,1.0,3.1556390622295662,0.0,0.0,0.0,0.0,0.0,0.0,0.0,0.0,0.0,0.0,0.0,0.0,0.0,0.0,0.0,0.0,0.0,0.0,0.0,1,0,0.0,0,0.0,0.0,0,0.0,0.0,0,0.0,0.0,0.0,0.0,0.0,0.0,0.0,https://www.adultcontent7.com,1,adult
29.0,2.0,0.0,3.0,3.689901581992151,4.0,6.25,13.0,3.0,21.0,1.0,1.0,3.327339900083509,0.0,0.0,0.0,0.0,0.0,0.0,0.0,0.0,0.0,0.0,0.0,0.0,0.0,0.0,0.0,0.0,0.0,0.0,0.0,1,0,0.0,0,0.0,0.0,0,0.0,0.0,0,0.0,0.0,0.0,0.0,0.0,0.0,0.0,https://www.adultcontent8.com,1,adult
29.0,2.0,1.0,3.0,3.9488593407620454,4.0,6.25,13.0,3.0,21.0,1.0,1.0,3.558518613048906,0.0,0.047619047619047616,0.0,0.0,0.0,0.0,0.0,0.0,0.0,0.0,0.0,0.0,0.0,0.0,0.0,0.0,0.0,0.0,0.0,1,0,0.0,0,0.0,0.0,1,1.0,0.25,0,0.0,1.0,0.0,0.25,0.0,0.25,0.0,https://www.adultcontent9.com,1,adult
20.0,2.0,0.0,3.0,3.5464393446710156,4.0,4.0,6.0,3.0,12.0,1.0,1.0,2.625814583693911,0.0,0.0,0.0,0.0,0.0,0.0,0.0,0.0,0.0,0.0,0.0,0.0,0.0,0.0,0.0,0.0,0.0,0.0,0.0,1,0,0.0,0,0.0,0.0,0,0.0,0.0,0,0.0,0.0,0.0,0.0,0.0,0.0,0.0,https://www.adultcontent10.com,1,adult
39.0,2.0,1.0,5.0,4.169766962341044,6.0,5.5,8.0,3.0,20.0,0.0,0.0,3.5086949695628418,0.0,0.05,0.05,0.0,11.0,1.0,3.2776134368191165,0.0,10.0,10.0,10.0,0.09090909090909091,0.0,0.0,0.0,0.0,0.0,0.0,0.0,1,0,0.0,0,0.0,0.0,1,1.0,0.16666666666666666,1,0.0,0.0,0.0,0.0,0.0,0.0,0.0,https://www.adultcontent11.com,1,adult
30.0,2.0,2.0,3.0,4.028072996388509,4.0,6.5,14.0,3.0,22.0,1.0,1.0,3.663532754804254,0.0,0.09090909090909091,0.0,0.0,0.0,0.0,0.0,0.0,0.0,0.0,0.0,0.0,0.0,0.0,0.0,0.0,0.0,0.0,0.0,1,0,0.0,0,0.0,0.0,1,1.0,0.25,0,0.0,1.0,0.0,0.25,0.0,0.25,0.0,https://www.adultcontent12.com,1,adult
42.0,1.0,1.0,5.0,4.005678590456677,5.0,7.4,14.0,3.0,26.0,0.0,0.0,3.7192945256669785,0.0,0.038461538461538464,0.038461538461538464,0.0,8.0,1.0,2.5,0.0,7.0,7.0,7.0,0.0,0.0,0.0,0.0,0.0,0.0,0.0,0.0,1,0,0.0,0,0.0,0.0,0,0.0,0.0,0,0.0,0.0,0.0,0.0,0.0,0.0,0.0,https://www.adultcontent13.com,1,adult
39.0,2.0,1.0,5.0,4.131054782742918,6.0,5.5,8.0,3.0,20.0,0.0,0.0,3.5086949695628418,0.0,0.05,0.05,0.0,11.0,1.0,3.027169118440619,0.0,10.0,10.0,10.0,0.09090909090909091,0.0,0.0,0.0,0.0,0.0,0.0,0.0,1,0,0.0,0,0.0,0.0,1,1.0,0.16666666666666666,1,0.0,0.0,0.0,0.0,0.0,0.0,0.0,https://www.adultcontent14.com,1,adult
39.0,2.0,1.0,5.0,4.284900936589072,6.0,5.5,8.0,3.0,20.0,0.0,0.0,3.5086949695628418,0.0,0.05,0.05,0.0,11.0,1.0,3.277613436819116,0.0,10.0,10.0,10.0,0.09090909090909091,0.0,0.0,0.0,0.0,0.0,0.0,0.0,1,0,0.0,0,0.0,0.0,1,1.0,0.16666666666666666,1,0.0,0.0,0.0,0.0,0.0,0.0,0.0,https://www.adultcontent15.com,1,adult
30.0,2.0,2.0,3.0,4.028072996388509,4.0,6.5,14.0,3.0,22.0,1.0,1.0,3.663532754804254,0.0,0.09090909090909091,0.0,0.0,0.0,0.0,0.0,0.0,0.0,0.0,0.0,0.0,0.0,0.0,0.0,0.0,0.0,0.0,0.0,1,0,0.0,0,0.0,0.0,1,1.0,0.25,0,0.0,1.0,0.0,0.25,0.0,0.25,0.0,https://www.adultcontent16.com,1,adult
30.0,2.0,0.0,4.0,4.0062389286533895,5.0,5.0,9.0,3.0,12.0,1.0,1.0,2.8553885422075336,0.0,0.0,0.0,0.0,10.0,1.0,3.321928094887362,0.0,9.0,9.0,9.0,0.0,0.0,0.0,0.0,0.0,0.0,0.0,0.0,1,0,0.0,0,0.0,0.0,0,0.0,0.0,0,0.0,0.0,0.0,0.0,0.0,0.0,0.0,https://www.adultcontent17.com,1,adult
29.0,2.0,0.0,4.0,4.021268494903765,5.0,4.8,7.0,3.0,21.0,1.0,1.0,3.5585186130489057,0.0,0.0,0.047619047619047616,0.0,0.0,0.0,0.0,0.0,0.0,0.0,0.0,0.0,0.0,0.0,0.0,0.0,0.0,0.0,0.0,1,0,0.0,0,0.0,0.0,1,1.0,0.2,0,0.0,0.0,0.0,0.0,0.0,0.0,0.0,https://www.adultcontent18.com,1,adult
42.0,1.0,1.0,5.0,4.005678590456677,5.0,7.4,14.0,3.0,26.0,0.0,0.0,3.7192945256669785,0.0,0.038461538461538464,0.038461538461538464,0.0,8.0,1.0,2.5,0.0,7.0,7.0,7.0,0.0,0.0,0.0,0.0,0.0,0.0,0.0,0.0,1,0,0.0,0,0.0,0.0,0,0.0,0.0,0,0.0,0.0,0.0,0.0,0.0,0.0,0.0,https://www.adultcontent19.com,1,adult
29.0,2.0,1.0,3.0,3.9488593407620454,4.0,6.25,13.0,3.0,21.0,1.0,1.0,3.558518613048906,0.0,0.047619047619047616,0.0,0.0,0.0,0.0,0.0,0.0,0.0,0.0,0.0,0.0,0.0,0.0,0.0,0.0,0.0,0.0,0.0,1,0,0.0,0,0.0,0.0,1,1.0,0.25,0,0.0,1.0,0.0,0.25,0.0,0.25,0.0,https://www.adultcontent20.com,1,adult
24.0,2.0,0.0,3.0,3.8553885422075345,4.0,5.0,8.0,3.0,16.0,1.0,1.0,3.452819531114783,0.0,0.0,0.0,0.0,0.0,0.0,0.0,0.0,0.0,0.0,0.0,0.0,0.0,0.0,0.0,0.0,0.0,0.0,0.0,1,0,0.0,0,0.0,0.0,0,0.0,0.0,0,0.0,0.0,0.0,0.0,0.0,0.0,0.0,https://www.adultcontent21.com,1,adult
23.0,2.0,0.0,3.0,3.795088586397733,4.0,4.75,7.0,3.0,15.0,1.0,1.0,3.32323142879762,0.0,0.0,0.0,0.0,0.0,0.0,0.0,0.0,0.0,0.0,0.0,0.0,0.0,0.0,0.0,0.0,0.0,0.0,0.0,1,0,0.0,0,0.0,0.0,1,1.0,0.25,0,0.0,1.0,1.0,0.25,0.25,0.25,0.25,https://www.adultcontent22.com,1,adult
23.0,2.0,0.0,4.0,3.501397825434103,5.0,3.6,6.0,2.0,10.0,1.0,1.0,2.1709505944546685,0.0,0.0,0.0,0.0,5.0,1.0,2.321928094887362,0.0,4.0,4.0,4.0,0.0,0.0,0.0,0.0,0.0,0.0,0.0,0.0,1,0,0.0,0,0.0,0.0,0,0.0,0.0,0,0.0,0.0,0.0,0.0,0.0,0.0,0.0,https://www.adultcontent23.com,1,adult
29.0,2.0,1.0,3.0,3.9488593407620454,4.0,6.25,13.0,3.0,21.0,1.0,1.0,3.558518613048906,0.0,0.047619047619047616,0.0,0.0,0.0,0.0,0.0,0.0,0.0,0.0,0.0,0.0,0.0,0.0,0.0,0.0,0.0,0.0,0.0,1,0,0.0,0,0.0,0.0,1,1.0,0.25,0,0.0,1.0,0.0,0.25,0.0,0.25,0.0,https://www.adultcontent24.com,1,adult
